[
    {
      "id": "10024343b",
      "name": "Умная колонка с Алисой Яндекс.Станция черная",
      "photo": "cross-sell-dbase/img/10024343b.jpg",
      "price": "12990"
    },
    {
      "id": "30052979b",
      "name": "Смарт-часы Apple Watch S6 44mm Space Gray Aluminum Case with Black Sport Band",
      "photo": "cross-sell-dbase/img/30052979b.jpg",
      "price": "39490"
    },
    {
      "id": "50047745b",
      "name": "Наушники Apple EarPods with Lightning Connector",
      "photo": "cross-sell-dbase/img/50047745b.jpg",
      "price": "1990"
    },
    {
      "id": "50051752b",
      "name": "Флеш-диск для Apple Leef iBridge3 64 Гб, серебристый",
      "photo": "cross-sell-dbase/img/50051752b.jpg",
      "price": "7190"
    },
    {
      "id": "50126638b",
      "name": "Наушники Apple AirPods w/Charging Case",
      "photo": "cross-sell-dbase/img/50126638b.jpg",
      "price": "12990"
    },
    {
      "id": "50131681b",
      "name": "Кабель для iPod, iPhone, iPad Apple USB-C to Lightning Cable 1 m",
      "photo": "cross-sell-dbase/img/50131681b.jpg",
      "price": "1790"
    },
    {
      "id": "50132022b",
      "name": "Беспроводное зарядное устройство InterStep QI",
      "photo": "cross-sell-dbase/img/50132022b.jpg",
      "price": "1990"
    },
    {
      "id": "50133735b",
      "name": "Внешний аккумулятор TFN Pocket PD PB-216",
      "photo": "cross-sell-dbase/img/50133735b.jpg",
      "price": "1790"
    },
    {
      "id": "50135795b",
      "name": "Автомобильное зарядное устройство TFN Rapid+",
      "photo": "cross-sell-dbase/img/50135795b.jpg",
      "price": "990"
    },
    {
      "id": "50143532b",
      "name": "Защитное стекло InterStep iPhone 12/12 Pro",
      "photo": "cross-sell-dbase/img/50143532b.jpg",
      "price": "990"
    },
    {
      "id": "50144492b",
      "name": "Сетевое зарядное устройство Anker PowerPort 3 Nano 20W USB-C White",
      "photo": "cross-sell-dbase/img/50144492b.jpg",
      "price": "1590"
    },
    {
      "id": "50144562b",
      "name": "Чехол Apple iPhone 12 / 12 Pro Silicone MagSafe Black",
      "photo": "cross-sell-dbase/img/50144562b.jpg",
      "price": "4990"
    },
    {
      "id": "50144578b",
      "name": "БЗУ Apple MagSafe Charger",
      "photo": "cross-sell-dbase/img/50144578b.jpg",
      "price": "3990"
    }
  ]